{
  "Use Non-ASCII Font" : true,
  "Tags" : [

  ],
  "Ansi 12 Color" : {
    "Red Component" : 0.51372549019607838,
    "Color Space" : "sRGB",
    "Blue Component" : 0.58823529411764708,
    "Green Component" : 0.58039215686274515
  },
  "Transparency" : 0.15480468750000001,
  "Draw Powerline Glyphs" : true,
  "Bold Color" : {
    "Red Component" : 0.57647058823529407,
    "Color Space" : "sRGB",
    "Blue Component" : 0.63137254901960782,
    "Green Component" : 0.63137254901960782
  },
  "Normal Font" : "FiraCodeRoman-Regular 14",
  "Ansi 1 Color" : {
    "Red Component" : 0.86274509803921573,
    "Color Space" : "sRGB",
    "Blue Component" : 0.18431372549019609,
    "Green Component" : 0.19607843137254902
  },
  "Custom Directory" : "No",
  "Rows" : 25,
  "Default Bookmark" : "No",
  "Ansi 3 Color" : {
    "Red Component" : 0.70980392156862748,
    "Color Space" : "sRGB",
    "Blue Component" : 0,
    "Green Component" : 0.53725490196078429
  },
  "Cursor Guide Color" : {
    "Red Component" : 0.74862593412399292,
    "Color Space" : "P3",
    "Blue Component" : 0.99125725030899048,
    "Alpha Component" : 0.25,
    "Green Component" : 0.92047786712646484
  },
  "Non-ASCII Anti Aliased" : true,
  "Use Bright Bold" : true,
  "Ansi 10 Color" : {
    "Red Component" : 0.34509803921568627,
    "Color Space" : "sRGB",
    "Blue Component" : 0.45882352941176469,
    "Green Component" : 0.43137254901960786
  },
  "Ambiguous Double Width" : false,
  "Jobs to Ignore" : [
    "rlogin",
    "ssh",
    "slogin",
    "telnet"
  ],
  "Ansi 15 Color" : {
    "Red Component" : 0.99215686274509807,
    "Color Space" : "sRGB",
    "Blue Component" : 0.8901960784313725,
    "Green Component" : 0.96470588235294119
  },
  "Foreground Color" : {
    "Red Component" : 0.51372549019607838,
    "Color Space" : "sRGB",
    "Blue Component" : 0.58823529411764708,
    "Green Component" : 0.58039215686274515
  },
  "Bound Hosts" : [

  ],
  "Working Directory" : "\/Users\/jonlazarini",
  "Blinking Cursor" : false,
  "Disable Window Resizing" : true,
  "Sync Title" : false,
  "Prompt Before Closing 2" : false,
  "BM Growl" : true,
  "Mouse Reporting" : true,
  "Command" : "",
  "Description" : "Default",
  "Screen" : -1,
  "Selection Color" : {
    "Red Component" : 0.027450980392156862,
    "Color Space" : "sRGB",
    "Blue Component" : 0.25882352941176473,
    "Green Component" : 0.21176470588235294
  },
  "Columns" : 80,
  "Idle Code" : 0,
  "Ansi 13 Color" : {
    "Red Component" : 0.42352941176470588,
    "Color Space" : "sRGB",
    "Blue Component" : 0.7686274509803922,
    "Green Component" : 0.44313725490196076
  },
  "Custom Command" : "No",
  "ASCII Anti Aliased" : true,
  "Non Ascii Font" : "FiraCodeRoman-Regular 12",
  "Vertical Spacing" : 1,
  "Use Bold Font" : true,
  "Option Key Sends" : 0,
  "Selected Text Color" : {
    "Red Component" : 0.57647058823529407,
    "Color Space" : "sRGB",
    "Blue Component" : 0.63137254901960782,
    "Green Component" : 0.63137254901960782
  },
  "Background Color" : {
    "Red Component" : 0,
    "Color Space" : "sRGB",
    "Blue Component" : 0.21176470588235294,
    "Green Component" : 0.16862745098039217
  },
  "Character Encoding" : 4,
  "Ansi 11 Color" : {
    "Red Component" : 0.396078431372549,
    "Color Space" : "sRGB",
    "Blue Component" : 0.51372549019607838,
    "Green Component" : 0.4823529411764706
  },
  "Use Italic Font" : true,
  "Unlimited Scrollback" : false,
  "Keyboard Map" : {

  },
  "Window Type" : 0,
  "Blur Radius" : 3,
  "Background Image Location" : "",
  "Blur" : false,
  "Badge Color" : {
    "Red Component" : 0.92929404973983765,
    "Color Space" : "P3",
    "Blue Component" : 0.13960540294647217,
    "Alpha Component" : 0.5,
    "Green Component" : 0.25479039549827576
  },
  "Scrollback Lines" : 1000,
  "Send Code When Idle" : false,
  "Close Sessions On End" : true,
  "Terminal Type" : "xterm-256color",
  "Visual Bell" : true,
  "Flashing Bell" : false,
  "Silence Bell" : false,
  "Ansi 14 Color" : {
    "Red Component" : 0.57647058823529407,
    "Color Space" : "sRGB",
    "Blue Component" : 0.63137254901960782,
    "Green Component" : 0.63137254901960782
  },
  "ASCII Ligatures" : false,
  "Name" : "iterm2.profile.dark",
  "Cursor Text Color" : {
    "Red Component" : 0.027450980392156862,
    "Color Space" : "sRGB",
    "Blue Component" : 0.25882352941176473,
    "Green Component" : 0.21176470588235294
  },
  "Match Background Color" : {
    "Red Component" : 1,
    "Color Space" : "P3",
    "Blue Component" : 0,
    "Alpha Component" : 1,
    "Green Component" : 1
  },
  "Shortcut" : "",
  "Cursor Color" : {
    "Red Component" : 0.51372549019607838,
    "Color Space" : "sRGB",
    "Blue Component" : 0.58823529411764708,
    "Green Component" : 0.58039215686274515
  },
  "Ansi 0 Color" : {
    "Red Component" : 0.027450980392156862,
    "Color Space" : "sRGB",
    "Blue Component" : 0.25882352941176473,
    "Green Component" : 0.21176470588235294
  },
  "Guid" : "7079D2EB-9846-436D-B3F0-052B58811AD4",
  "Horizontal Spacing" : 1,
  "Ansi 2 Color" : {
    "Red Component" : 0.52156862745098043,
    "Color Space" : "sRGB",
    "Blue Component" : 0,
    "Green Component" : 0.59999999999999998
  },
  "Link Color" : {
    "Red Component" : 0.14513972401618958,
    "Color Space" : "P3",
    "Blue Component" : 0.7093239426612854,
    "Alpha Component" : 1,
    "Green Component" : 0.35333043336868286
  },
  "Right Option Key Sends" : 0,
  "Ansi 6 Color" : {
    "Red Component" : 0.16470588235294117,
    "Color Space" : "sRGB",
    "Blue Component" : 0.59607843137254901,
    "Green Component" : 0.63137254901960782
  },
  "Ansi 7 Color" : {
    "Red Component" : 0.93333333333333335,
    "Color Space" : "sRGB",
    "Blue Component" : 0.83529411764705885,
    "Green Component" : 0.90980392156862744
  },
  "Ansi 8 Color" : {
    "Red Component" : 0,
    "Color Space" : "sRGB",
    "Blue Component" : 0.21176470588235294,
    "Green Component" : 0.16862745098039217
  },
  "Ansi 9 Color" : {
    "Red Component" : 0.79607843137254897,
    "Color Space" : "sRGB",
    "Blue Component" : 0.086274509803921567,
    "Green Component" : 0.29411764705882354
  },
  "Ansi 4 Color" : {
    "Red Component" : 0.14901960784313725,
    "Color Space" : "sRGB",
    "Blue Component" : 0.82352941176470584,
    "Green Component" : 0.54509803921568623
  },
  "Ansi 5 Color" : {
    "Red Component" : 0.82745098039215681,
    "Color Space" : "sRGB",
    "Blue Component" : 0.50980392156862742,
    "Green Component" : 0.21176470588235294
  }
}